quarter,ticker,industry,sector,debt_to_assets,mkt_cap,stock_price,book_to_market,earnings_yield,mkt_cap_rank
2023Q1,ACVA,Auto - Dealerships,Consumer Cyclical,0.09596572164715364,2058678316.0,12.91,0.23473126070493613,-0.008520526723470178,97
2023Q2,ACVA,Auto - Dealerships,Consumer Cyclical,0.1121295320354073,2770591335.0,17.27,0.17290459407111997,-0.005657209033005211,103
2023Q3,ACVA,Auto - Dealerships,Consumer Cyclical,0.1094794616529939,2435296842.0,15.18,0.1918033119485357,-0.007246376811594203,101
2023Q4,ACVA,Auto - Dealerships,Consumer Cyclical,0.1246039760587004,2441793205.0,15.15,0.18696423554613115,-0.009240924092409241,112
2023Q1,NVR,Residential Construction,Consumer Cyclical,0.16686962682925424,18179431468.0,5572.189941,0.21305835192343026,0.01907867483442629,35
2023Q2,NVR,Residential Construction,Consumer Cyclical,0.1622782052969829,20695800545.0,6350.62,0.20045593798226174,0.019500458222976656,37
2023Q3,NVR,Residential Construction,Consumer Cyclical,0.15966604014931587,19433577727.0,5963.3,0.21470997561141775,0.022289671826002378,35
2023Q4,NVR,Residential Construction,Consumer Cyclical,0.15364076563254297,22345436400.0,7000.45,0.19532959311548734,0.018351677392167646,35
2023Q1,SMR,Renewable Utilities,Utilities,0.0,2001934627.0,9.09,0.4775744784001215,-0.0176017601760176,98
2023Q2,SMR,Renewable Utilities,Utilities,0.0,1553898091.0,6.8,0.2244131465928763,-0.01911764705882353,123
2023Q3,SMR,Renewable Utilities,Utilities,0.0,1119720683.0,4.9,0.28883771117079493,-0.053061224489795916,134
2023Q4,SMR,Renewable Utilities,Utilities,0.006648640475322203,772489991.0,3.29,0.36941701873331545,-0.0729483282674772,147
2023Q1,BRK-A,Insurance - Diversified,Financial Services,0.1239870340356564,674906755200.0,465600.0,0.7440509581232289,0.05235180412371134,1
2023Q2,BRK-A,Insurance - Diversified,Financial Services,0.12034394132720415,749232234250.0,517810.0,0.7192807139909557,0.04785539097352311,1
2023Q3,BRK-A,Insurance - Diversified,Financial Services,0.12234234993867245,769007358225.0,531477.0,0.6831274036344088,-0.016595261883392883,1
2023Q4,BRK-A,Insurance - Diversified,Financial Services,0.017938686589817735,782891253908.0,542625.03,0.7169233238944352,0.04798893998678977,1
2023Q1,HPE,Communication Equipment,Technology,0.23251965246172943,20772720000.0,15.05,1.0243717654044813,0.025913621262458473,33
2023Q2,HPE,Communication Equipment,Technology,0.24079641397684926,21823200000.0,15.99,0.9767415984683678,0.020012507817385866,35
2023Q3,HPE,Communication Equipment,Technology,0.23667464326863422,22494150000.0,16.65,0.9534707918079743,0.021621621621621623,30
2023Q4,HPE,Communication Equipment,Technology,0.23647052648154954,22090980000.0,16.4,0.9973632168754121,0.030487804878048783,36
2023Q1,CVX,Oil & Gas Integrated,Energy,0.09068882236620995,304646641400.0,148.37,0.5680997357048955,0.023454876322706746,5
2023Q2,CVX,Oil & Gas Integrated,Energy,0.08544795237092848,294396028050.0,144.48,0.5868931840304059,0.022286821705426358,4
2023Q3,CVX,Oil & Gas Integrated,Energy,0.07789653957344266,315481781060.0,156.32,0.5650685579462327,0.02226202661207779,4
2023Q4,CVX,Oil & Gas Integrated,Energy,0.07963857632093933,277657461840.0,139.73,0.6188184236551859,0.008802690903886067,4
2023Q1,EXP,Construction Materials,Basic Materials,0.40488644021111814,5176570002.0,145.39,0.2282846851460259,0.019327326501134882,67
2023Q2,EXP,Construction Materials,Basic Materials,0.4096907462539168,6535320906.0,184.97,0.18980144868754653,0.01854354760231389,70
2023Q3,EXP,Construction Materials,Basic Materials,0.3869515346437242,5837687143.0,165.46,0.2252612660425755,0.025927716668681253,67
2023Q4,EXP,Construction Materials,Basic Materials,0.3700606157061107,6991112040.0,201.81,0.19166696133301303,0.01858183439869184,69
2023Q1,T,Telecommunications Services,Communication Services,0.3888937394137295,138215000000.0,16.84,0.8234340536986766,0.0344418052256532,10
2023Q2,T,Telecommunications Services,Communication Services,0.39561712118652576,114600750000.0,14.15,1.003011899957676,0.0431095406360424,12
2023Q3,T,Telecommunications Services,Communication Services,0.38292049628963015,107918700000.0,13.56,1.064399981114375,0.035398230088495575,12
2023Q4,T,Telecommunications Services,Communication Services,0.3805311256325849,120648200000.0,15.44,0.930489597670916,0.019430051813471502,13
2023Q1,XOM,Oil & Gas Integrated,Energy,0.11220696806192149,445877560000.0,101.48,0.47729728732458304,0.02749310208908159,3
2023Q2,XOM,Oil & Gas Integrated,Energy,0.11423600405232788,431681250000.0,100.11,0.4889997294171689,0.019378683448206972,3
2023Q3,XOM,Oil & Gas Integrated,Energy,0.11081800574331312,473259500000.0,110.65,0.4484017367728246,0.02033438770899232,3
2023Q4,XOM,Oil & Gas Integrated,Energy,0.1158331938232926,397020580000.0,94.95,0.5431744550306733,0.02022116903633491,3
2023Q2,DIS,Entertainment,Communication Services,0.23683722383309413,163293120000.0,88.19,0.6070231296412684,0.007937407869372944,6
2023Q3,DIS,Entertainment,Communication Services,0.24270475097164593,148402550000.0,80.06,0.6772432963644279,0.0017486884836372721,7
2023Q4,DIS,Entertainment,Communication Services,0.24113381941003367,165411280000.0,89.48,0.6144245841572755,0.0116227089852481,7
2023Q1,HMY,Gold,Basic Materials,0.10490915416138644,2547012619.0,4.0,14.059472630011733,0.5825,90
2023Q2,HMY,Gold,Basic Materials,0.10146750524109015,2595703282.0,4.1,13.716795733732758,1.1756097560975611,107
2023Q3,HMY,Gold,Basic Materials,0.05648931070330424,2335697787.0,3.67,17.58575702041616,1.2970027247956404,102
2023Q4,HMY,Gold,Basic Materials,0.055999732378817786,3806850000.0,6.04,10.654067123859248,1.5827814569536425,91
2023Q2,GFI,Gold,Basic Materials,0.21394619805538212,12489616923.0,13.19,0.3591443567350261,0.038665655799848375,53
2023Q4,GFI,Gold,Basic Materials,0.20335995526542916,12920600155.0,13.95,0.3590965055476932,0.021505376344086023,55
2023Q1,WTM,Insurance - Property & Casualty,Financial Services,0.06989483735598247,3477886752.0,1375.98,1.1170977366603674,0.05075655169406532,82
2023Q2,WTM,Insurance - Property & Casualty,Financial Services,0.09190215250170122,3504081039.0,1387.39,1.1197064860991137,0.005506742876912764,92
2023Q3,WTM,Insurance - Property & Casualty,Financial Services,0.06934960947094365,3773476301.0,1494.05,1.0476903953613752,0.0061845319768414715,83
2023Q4,WTM,Insurance - Property & Casualty,Financial Services,0.07107340223316004,3853505864.0,1503.36,1.1013176982917159,0.07441331417624522,90
2023Q1,WFC,Banks - Diversified,Financial Services,0.10190733672603902,138302262000.0,35.17,1.3607376416588812,0.03525732158089281,9
2023Q2,WFC,Banks - Diversified,Financial Services,0.0998150635286092,155730784000.0,40.47,1.2033997165645085,0.031134173461823574,7
2023Q3,WFC,Banks - Diversified,Financial Services,0.106049408645544,149089968000.0,39.05,1.2683032479623912,0.038156209987195905,6
2023Q4,WFC,Banks - Diversified,Financial Services,0.1135604832783777,178220698000.0,47.46,1.0808103262748943,0.018331226295828066,6
2023Q1,VTR,REIT - Healthcare Facilities,Real Estate,0.5101438399531086,17358683850.0,40.42,0.6183365861462724,0.0010836219693221177,37
2023Q2,VTR,REIT - Healthcare Facilities,Real Estate,0.5339141909041659,19043144930.0,44.49,0.5595444273596278,0.005844009889862891,40
2023Q3,VTR,REIT - Healthcare Facilities,Real Estate,0.5475284609135346,16972449670.0,40.08,0.6080268204168391,-0.004491017964071856,38
2023Q4,VTR,REIT - Healthcare Facilities,Real Estate,0.60882403960327,20085270800.0,47.84,0.4921375490313933,-0.004807692307692308,41
2023Q1,FICO,Software - Application,Technology,1.3121800601824642,17538439710.0,702.69,-0.043674054772399204,0.0057493346995118755,36
2023Q2,FICO,Software - Application,Technology,1.2600341165326345,20089447460.0,809.21,-0.0348553486567961,0.006376589513228952,39
2023Q3,FICO,Software - Application,Technology,1.2225120470570012,21562125780.0,868.53,-0.031907336364680086,0.00470910619092029,32
2023Q4,FICO,Software - Application,Technology,1.2483040668508294,28825543640.0,1164.01,-0.02517784257823628,0.004200994836814117,31
2023Q1,AG,Silver,Basic Materials,0.12861041246660748,1977127007.0,7.16,0.6776964223062371,-0.051675977653631286,100
2023Q2,AG,Silver,Basic Materials,0.1265214254539388,1587614986.0,5.61,0.8730833684712282,-0.011122994652406416,120
2023Q3,AG,Silver,Basic Materials,0.1307369817476842,1471908423.0,5.1,0.9154515774423442,-0.01854901960784314,118
2023Q4,AG,Silver,Basic Materials,0.13045892659674388,1765037257.0,6.12,0.769272622389143,0.005996732026143791,123
2023Q1,AM,Oil & Gas Midstream,Energy,0.5772990924399106,5029975980.0,9.01,0.5024031535868758,0.019977802441731408,70
2023Q2,AM,Oil & Gas Midstream,Energy,0.5747843298742561,5564241600.0,10.19,0.4406434204109597,0.017664376840039256,74
2023Q3,AM,Oil & Gas Midstream,Energy,0.5658448566007219,5746518480.0,10.72,0.4183366371803454,0.018656716417910446,68
2023Q4,AM,Oil & Gas Midstream,Energy,0.5487268446177664,6010753770.0,11.42,0.3927751529195281,0.01838879159369527,75
2023Q1,ALEX,REIT - Diversified,Real Estate,0.27452878537668696,1372866000.0,17.1,0.8166162532768703,0.0152046783625731,114
2023Q2,ALEX,REIT - Diversified,Real Estate,0.0011147650632629172,1348907999.0,17.0,0.8294441743639605,0.010588235294117647,132
2023Q3,ALEX,REIT - Diversified,Real Estate,0.28534632398230586,1214598000.0,15.51,0.9136556349498147,0.01289490651192779,127
2023Q4,ALEX,REIT - Diversified,Real Estate,0.2871461547807071,1377048000.0,17.84,0.7765465896984863,-0.0027073991031390135,133
2023Q1,BIO,Medical - Devices,Healthcare,0.10182709033325543,14061632100.0,479.019989,0.6886974633771723,0.004864097644159062,46
2023Q2,BIO,Medical - Devices,Healthcare,0.11622352519725579,11033150240.0,379.119995,0.7589937823184137,-0.10442604062600286,56
2023Q3,BIO,Medical - Devices,Healthcare,0.11814817875304211,10431611900.0,358.45,0.8067974614738113,0.010182731203794114,54
2023Q4,BIO,Medical - Devices,Healthcare,0.11426839590310486,9296648880.0,322.89,0.9402455780388685,0.03762891387159714,61
2023Q1,PSTG,Computer Hardware,Technology,0.213267151858336,7802565130.0,25.51,0.1215247938930029,0.009800078400627205,58
2023Q2,PSTG,Computer Hardware,Technology,0.09568597210174325,11396158200.0,36.82,0.08043127338168463,-0.005975013579576317,55
2023Q3,PSTG,Computer Hardware,Technology,0.08969942455491872,11190129860.0,35.62,0.08946491666175499,-0.0006457046603032004,53
2023Q4,PSTG,Computer Hardware,Technology,0.0811397019051357,11330287459.0,35.66,0.1025159481298358,0.0061693774537296695,57
2023Q1,CVS,Medical - Healthcare Plans,Healthcare,0.3195504115656207,95339730000.0,68.0,0.8181880702397873,0.02441176470588235,12
2023Q2,CVS,Medical - Healthcare Plans,Healthcare,0.3284507199955213,88970310000.0,63.78,0.8887477828965361,0.023204766384446535,13
2023Q3,CVS,Medical - Healthcare Plans,Healthcare,0.3187190118819288,89858339999.0,64.94,0.8894349670450687,0.02710194025254081,14
2023Q4,CVS,Medical - Healthcare Plans,Healthcare,0.31788585981547923,101700479999.0,74.07,0.8014598411608291,0.0214661806399352,14
2023Q1,EVH,Medical - Healthcare Information Services,Healthcare,0.2686920318105056,3610971100.0,32.45,0.3207217400676103,-0.005855161787365177,81
2023Q2,EVH,Medical - Healthcare Information Services,Healthcare,0.2652322721019967,3402144600.0,30.299999,0.32423152981049286,-0.010231023439967771,94
2023Q3,EVH,Medical - Healthcare Information Services,Healthcare,0.24966895975636935,3057438860.0,27.23,0.35850038224476544,-0.008446566287183254,88
2023Q4,EVH,Medical - Healthcare Information Services,Healthcare,0.2442010395820182,3751811640.0,33.03,0.2845827835855853,-0.008779897063275808,93
2023Q1,RITM,REIT - Mortgage,Real Estate,0.6959711459797588,3864734336.0,6.62,2.1779429744160526,0.021148036253776436,78
2023Q2,RITM,REIT - Mortgage,Real Estate,0.7007445697081633,4518051470.0,7.94,1.859984404356105,0.09319899244332493,86
2023Q3,RITM,REIT - Mortgage,Real Estate,0.6970130659692378,4489058626.0,8.11,1.839321869172648,0.049321824907521586,76
2023Q4,RITM,REIT - Mortgage,Real Estate,0.6875309475292739,5160730411.0,9.54,1.5199882398821938,-0.018867924528301886,80
2023Q2,CRI,Apparel - Retail,Consumer Cyclical,0.5573073852321634,2673457974.0,66.36,0.3240495166149795,0.01431585292344786,104
2023Q3,CRI,Apparel - Retail,Consumer Cyclical,0.5458120204879201,2519715567.0,63.89,0.33732572145616685,0.027860385036781968,98
2023Q4,CRI,Apparel - Retail,Consumer Cyclical,0.5116015089466004,2695467990.0,69.97,0.33563168815672784,0.04144633414320423,107
2023Q1,TMHC,Residential Construction,Consumer Cyclical,0.2859025234274259,4178374600.0,38.259998,1.1642383448123672,0.0460010478829612,76
2023Q2,TMHC,Residential Construction,Consumer Cyclical,0.2837971060909116,5307980490.0,48.77,0.9534613763953572,0.044084478162804995,75
2023Q3,TMHC,Residential Construction,Consumer Cyclical,0.246355126362494,4637544570.0,42.61,1.112300037689988,0.03684581084252523,75
2023Q4,TMHC,Residential Construction,Consumer Cyclical,0.24239851376029783,5720560450.0,53.35,0.9321265016961756,0.030178069353327085,77
2023Q1,BMO,Banks - Diversified,Financial Services,0.21655992025877494,72560999974.0,79.88,0.9690693021655322,0.004506760140210316,15
2023Q2,BMO,Banks - Diversified,Financial Services,0.18535907605059113,64610663920.0,81.92,1.140312329073355,0.0159912109375,20
2023Q3,BMO,Banks - Diversified,Financial Services,0.1910634221667625,65786562724.0,77.46,1.3384433390445545,0.025432481280660987,19
2023Q4,BMO,Banks - Diversified,Financial Services,0.19232940223123293,71607923940.0,92.1,1.0723404964374599,0.022366992399565692,18
2023Q1,CMP,Industrial Materials,Basic Materials,0.4626547879195383,1410759180.0,33.53,0.35357565674407676,-0.015806740232627497,112
2023Q2,CMP,Industrial Materials,Basic Materials,0.4161375966755166,1399168000.0,33.39,0.39068773401682066,0.02875112309074573,128
2023Q3,CMP,Industrial Materials,Basic Materials,0.44295929592959293,1150198400.0,27.59,0.4555288305711775,-0.0022036969916636464,129
2023Q4,CMP,Industrial Materials,Basic Materials,0.5061208663380048,1041968640.0,25.15,0.4436914491693209,-0.0727634194831014,143
2023Q1,CMRE,Marine Shipping,Industrials,0.5140540613951299,1153019278.0,8.56,2.1631126659243214,0.13551401869158877,122
2023Q2,CMRE,Marine Shipping,Industrials,0.5201037855385217,1160521174.0,8.9,2.155730880312187,0.05955056179775281,141
2023Q3,CMRE,Marine Shipping,Industrials,0.5174347689452975,1136197815.0,8.95,2.196254558720253,0.05027932960893855,131
2023Q4,CMRE,Marine Shipping,Industrials,0.500818229997908,1228819166.0,9.81,2.0574642868812596,0.08358817533129459,142
2023Q1,ROG,"Hardware, Equipment & Parts",Technology,0.11895736155832326,3040451720.0,163.429993,0.38752730152442794,-0.0011625772999941328,86
2023Q2,ROG,"Hardware, Equipment & Parts",Technology,0.08391349783884869,3016270110.0,161.929993,0.39970460474346703,0.005928487874386557,99
2023Q3,ROG,"Hardware, Equipment & Parts",Technology,0.05358262989638798,2448891690.0,131.47,0.49435097719654564,0.007758423975051343,99
2023Q4,ROG,"Hardware, Equipment & Parts",Technology,0.03321908779330345,2456502000.0,132.07,0.5125173926176327,0.009464677822366927,111
2023Q1,ATEN,Software - Infrastructure,Technology,0.013582993968400577,1146523330.0,14.94,0.15685193189804866,0.003346720214190094,123
2023Q2,ATEN,Software - Infrastructure,Technology,0.013200916813313346,1087334340.0,14.13,0.1844778089415984,0.01132342533616419,143
2023Q3,ATEN,Software - Infrastructure,Technology,0.012963090392280371,1120125780.0,14.62,0.18073366402522126,0.005937072503419973,133
2023Q4,ATEN,Software - Infrastructure,Technology,0.043149337239519865,978372960.0,12.87,0.21742382823580328,0.018648018648018648,144
2023Q1,RYN,REIT - Specialty,Real Estate,0.42806617148447645,4929745181.0,28.91,0.4319803708971159,0.0019474230370114148,71
2023Q2,RYN,REIT - Specialty,Real Estate,0.4295086107305016,4655810162.0,27.55,0.4470274753718143,0.004718693284936479,83
2023Q3,RYN,REIT - Specialty,Real Estate,0.4306122393936942,4219883988.0,25.21,0.4858489817532025,0.005156683855612852,80
2023Q4,RYN,REIT - Specialty,Real Estate,0.3984694045399715,4954573035.0,30.04,0.41763798040840655,0.02862849533954727,84
2023Q1,BXP,REIT - Office,Real Estate,0.6220701012225351,8487423120.0,47.98,0.8058564746656554,0.010421008753647354,56
2023Q2,BXP,REIT - Office,Real Estate,0.580737307076721,9034719200.0,51.96,0.7412308215416551,0.012894534257120862,64
2023Q3,BXP,REIT - Office,Real Estate,0.6288087204943356,9331222400.0,54.57,0.676103549170339,-0.013010811801356055,55
2023Q4,BXP,REIT - Office,Real Estate,0.6532748659819015,11012830650.0,65.27,0.574501641365973,0.011643940554619274,58
2023Q1,AGCO,Agricultural - Machinery,Industrials,0.19901772170631543,10126480000.0,123.68,0.44612091672035326,0.02514553686934023,52
2023Q2,AGCO,Agricultural - Machinery,Industrials,0.21382306477093208,9843358000.0,125.65,0.43977458736599057,0.03390370075606844,61
2023Q3,AGCO,Agricultural - Machinery,Industrials,0.1935319043969307,8859172000.0,113.35,0.5130204483790474,0.033083370092633436,56
2023Q4,AGCO,Agricultural - Machinery,Industrials,0.13819913844429657,9069327000.0,116.64,0.5344537730253432,0.03892318244170096,62
2023Q1,ARCO,Restaurants,Consumer Cyclical,0.5896889403480303,1623683941.0,7.35,0.22894818142244897,0.024489795918367346,105
2023Q2,ARCO,Restaurants,Consumer Cyclical,0.5889299124708677,2158915054.0,9.82,0.19514820663973875,0.013238289205702648,113
2023Q3,ARCO,Restaurants,Consumer Cyclical,0.567416391546597,1992515773.0,9.11,0.23022916053581696,0.06586169045005488,106
2023Q4,ARCO,Restaurants,Consumer Cyclical,0.5676087807585888,2673211556.0,12.26,0.199517939454512,0.021207177814029365,108
2023Q1,ATI,Manufacturing - Metal Fabrication,Industrials,0.40165138898607516,5070610000.0,39.459999,0.2162461770452931,0.01723264108546987,68
2023Q2,ATI,Manufacturing - Metal Fabrication,Industrials,0.41596951315759806,5665863000.0,44.23,0.21007978281199005,0.013339362423694325,72
2023Q3,ATI,Manufacturing - Metal Fabrication,Industrials,0.4837141468157511,5271315000.0,41.15,0.23502674380111985,0.01433778857837181,70
2023Q4,ATI,Manufacturing - Metal Fabrication,Industrials,0.4514854265711821,5783784000.0,45.47,0.2373878415929779,0.025291400923685946,76
2023Q1,BBUC,Asset Management,Financial Services,0.5552977010660671,1959984201.0,19.36,0.1002875346161449,-0.0965909090909091,102
2023Q2,BBUC,Asset Management,Financial Services,0.5606848399316645,1867025924.0,18.5,0.17874243325919817,0.060000000000000005,117
2023Q3,BBUC,Asset Management,Financial Services,0.5667868665780983,1787913734.0,17.78,0.2297743117809579,0.054555680539932504,110
2023Q4,BBUC,Asset Management,Financial Services,0.4942670870478409,2302125956.0,22.98,0.3852643796181714,0.2053959965187119,113
2023Q1,BDX,Medical - Instruments & Supplies,Healthcare,0.3350369526050667,70874910180.0,239.63,0.3771161944019617,0.006426574302048993,17
2023Q2,BDX,Medical - Instruments & Supplies,Healthcare,0.3165399777429881,76718665900.0,256.5,0.35317116476515986,0.0053411306042885,15
2023Q3,BDX,Medical - Instruments & Supplies,Healthcare,0.3008525956801819,75126232699.0,252.03,0.3522244209941392,0.0014680791969210014,15
2023Q4,BDX,Medical - Instruments & Supplies,Healthcare,0.3081838007422428,70738252790.0,238.68,0.3658502902509447,0.004064018769901123,19
2023Q1,BE,Electrical Equipment & Parts,Industrials,0.4613732261051633,4159231560.0,19.93,0.09692089725661106,-0.01806322127446061,77
2023Q2,BE,Electrical Equipment & Parts,Industrials,0.5763843697309683,3448705500.0,16.35,0.09019510542759676,-0.019571865443425075,93
2023Q3,BE,Electrical Equipment & Parts,Industrials,0.6072131983711617,2796931800.0,13.26,0.17398100304054606,-0.0603318250377074,93
2023Q4,BE,Electrical Equipment & Parts,Industrials,0.6026842033958977,3318219200.0,14.8,0.15130947346697288,0.001358108108108108,98
2023Q2,SMG,Agricultural Inputs,Basic Materials,0.7603295844108979,3523178000.0,57.53,0.04267959573886916,0.03389535894316009,91
2023Q3,SMG,Agricultural Inputs,Basic Materials,0.8469402700881741,2904416000.0,48.04,-0.09900557364710902,-0.17339716902581181,91
2023Q4,SMG,Agricultural Inputs,Basic Materials,0.8760259411748876,3614625000.0,59.97,-0.11334297366202208,-0.023678505919626478,95
2023Q1,CFG,Banks - Regional,Financial Services,0.08941490893384206,14561520390.0,27.21,1.83216824708959,0.036751194413818446,43
2023Q2,CFG,Banks - Regional,Financial Services,0.06813678462876457,12244066696.0,23.71,2.0746383222229747,0.0392239561366512,54
2023Q3,CFG,Banks - Regional,Financial Services,0.07806632041550139,12582093078.0,24.68,1.9744893732835125,0.034440842787682335,50
2023Q4,CFG,Banks - Regional,Financial Services,0.06082968409291597,15451005497.0,31.08,1.6798519390104647,0.01093951093951094,49
2023Q1,BBVA,Banks - Diversified,Financial Services,0.12574435748630275,42433950000.0,6.12,1.2974165686654568,0.05065359477124183,24
2023Q2,BBVA,Banks - Diversified,Financial Services,0.22607206186324194,45846327406.0,6.94,1.1839819015648936,0.04899135446685879,24
2023Q3,BBVA,Banks - Diversified,Financial Services,0.13601570995702988,46975557690.0,7.27,1.1726883477715209,0.04951856946354883,22
2023Q4,BBVA,Banks - Diversified,Financial Services,0.23094597696110414,53143674708.0,8.37,1.058864239022791,0.040621266427718045,23
2023Q1,DNB,Financial - Data & Stock Exchanges,Financial Services,0.3916889705803317,5053737135.0,11.29,0.711503533806252,-0.006926483613817538,69
2023Q2,DNB,Financial - Data & Stock Exchanges,Financial Services,0.39911731698895025,4984546118.0,11.19,0.713912372613351,-0.004030384271671135,80
2023Q3,DNB,Financial - Data & Stock Exchanges,Financial Services,0.40378973640423854,4303856155.0,9.71,0.815709868842743,0.0010504634397528322,79
2023Q4,DNB,Financial - Data & Stock Exchanges,Financial Services,0.3933930975601747,5043870000.0,11.42,0.6944926857982735,0.0003415061295971979,83
2023Q2,RVT,Asset Management,Financial Services,0.0,1524163259.0,12.5,1.2699370241439636,0.132,124
2023Q4,RVT,Asset Management,Financial Services,0.0,1650891322.0,13.73,1.1973282472764686,0.09468317552804079,124
2023Q1,RVTY,Medical - Diagnostics & Research,Healthcare,0.3252305844610578,385734449970.0,132.51,0.33644317317271416,0.004452494151384801,4
2023Q2,RVTY,Medical - Diagnostics & Research,Healthcare,0.3169703884693157,14874289850.0,118.18,0.5318290685223649,0.0023692672194956846,46
2023Q3,RVTY,Medical - Diagnostics & Research,Healthcare,0.29906498117802804,13725914400.0,110.19,0.5631605114080092,0.0006997005172883202,44
2023Q4,RVTY,Medical - Diagnostics & Research,Healthcare,0.29969741235776926,13491696060.0,108.88,0.5858292974138434,0.005878030859662014,53
2023Q1,NTST,REIT - Retail,Real Estate,0.31490025083231843,1115875746.0,16.53,1.1299893744140934,0.0015305505142165759,124
2023Q2,NTST,REIT - Retail,Real Estate,0.29428845412236704,1199301929.0,16.35,1.1976233151274087,-0.0007951070336391436,138
2023Q3,NTST,REIT - Retail,Real Estate,0.30139362254360674,1045614105.0,14.42,1.2616563801714777,0.004160887656033287,137
2023Q4,NTST,REIT - Retail,Real Estate,0.32705077904221275,1236585774.0,16.75,1.0900758764567442,0.001671641791044776,141
2023Q1,KT,Telecommunications Services,Communication Services,0.28405231683338,5797449488.0,9.86,3244.988197031207,58.84178498985801,60
2023Q2,KT,Telecommunications Services,Communication Services,0.2734327550446551,5640739491.0,9.83,6772.177740747017,80.4028484231943,73
2023Q3,KT,Telecommunications Services,Communication Services,0.25354093708214703,6364609431.0,11.15,3382.101846548716,47.74439461883408,65
2023Q4,KT,Telecommunications Services,Communication Services,0.2740797924007554,6623592783.0,12.92,2535.1927871545327,8.543343653250774,72
2023Q1,AL,Rental & Leasing Services,Industrials,0.6623133744445119,4370902006.0,37.9,1.604035665344671,0.028232189973614777,73
2023Q2,AL,Rental & Leasing Services,Industrials,0.6349857526535376,4646490496.0,40.49,1.5244223553456504,0.027167201778216844,85
2023Q3,AL,Rental & Leasing Services,Industrials,0.6283938262128977,4375584001.0,38.32,1.6361376899386437,0.028705636743215034,78
2023Q4,AL,Rental & Leasing Services,Industrials,0.62992572766047,4656482948.0,40.99,1.5732865070128257,0.04635276896804098,87
2023Q1,BRK-B,Insurance - Diversified,Financial Services,0.1239870340356564,671362807968.0,308.769989,0.7479788000976866,0.052628171710042713,2
2023Q2,BRK-B,Insurance - Diversified,Financial Services,0.12034394132720415,740102202290.0,341.0,0.728153727748753,0.04844574780058651,2
2023Q3,BRK-B,Insurance - Diversified,Financial Services,0.12234234993867245,760286807807.0,350.3,0.6909629295229806,-0.01678561233228661,2
2023Q4,BRK-B,Insurance - Diversified,Financial Services,0.12483434238834817,771875595655.0,356.66,0.727154742498577,0.04867380698704648,2
2023Q1,CODI,Conglomerates,Industrials,0.48864200323316725,1372462559.0,17.11,0.9837853132716461,0.010520163646990065,115
2023Q2,CODI,Conglomerates,Industrials,0.5051457006665186,1559098890.0,19.7,0.8304444891692689,-0.02081218274111675,122
2023Q3,CODI,Conglomerates,Industrials,0.5093145502848212,1349206370.0,17.24,0.9195867067092167,-0.00812064965197216,121
2023Q4,CODI,Conglomerates,Industrials,0.48348812844496736,1626031050.0,20.9,0.8764564089524796,-0.03444976076555024,126
2023Q1,CSL,Construction,Industrials,0.3631419175309891,11461749000.0,220.68,0.27120407408235064,0.00901758201921334,50
2023Q2,CSL,Construction,Industrials,0.3601070204286391,12698234999.0,251.3,0.23797358273467123,0.01524074810982889,51
2023Q3,CSL,Construction,Industrials,0.33531396713615025,12833370000.0,254.74,0.2318704038104211,0.021001805762738475,49
2023Q4,CSL,Construction,Industrials,0.3540785498489426,15059126000.0,307.96,0.19058626463856115,0.013800493570593585,50
2023Q1,NOW,Software - Application,Technology,0.16438959894226532,94812639120.0,464.72,0.059248552387525584,0.001592356687898089,13
2023Q2,NOW,Software - Application,Technology,0.1542585271058098,114902634080.0,561.969971,0.0604080067438881,0.00911080709684397,11
2023Q3,NOW,Software - Application,Technology,0.15578821814326418,114287197440.0,558.96,0.06284168446575568,0.002111063403463575,11
2023Q4,NOW,Software - Application,Technology,0.13648127911658137,144830450000.0,706.49,0.05266848235298585,0.002038245410409206,9
2023Q2,TPR,Luxury Goods,Consumer Cyclical,0.47173701391672873,9852560000.0,40.49,0.2382788673363404,0.01975796492961225,60
2023Q3,TPR,Luxury Goods,Consumer Cyclical,0.496016800840042,6563625000.0,27.49,0.38491279511189275,0.030920334667151692,64
2023Q4,TPR,Luxury Goods,Consumer Cyclical,0.698155681341112,8440533000.0,35.58,0.3260160514918562,0.03962900505902192,65
2023Q2,BDC,Communication Equipment,Technology,0.4063785447999058,4064838050.0,95.3,0.2777280741319716,0.0155299055613851,87
2023Q3,BDC,Communication Equipment,Technology,0.39851055232095106,4060217150.0,96.24,0.2843504223886245,0.016832917705735664,81
2023Q4,BDC,Communication Equipment,Technology,0.40250127230154026,3210896250.0,77.06,0.3641140807135463,0.012068518037892552,100
2023Q1,DHT,Oil & Gas Midstream,Energy,0.2678276536070864,1761677323.0,8.85,0.7250045623885163,0.025988700564971753,104
2023Q2,DHT,Oil & Gas Midstream,Energy,0.26062941864656264,1390710966.0,7.18,0.9031836797275189,0.04874651810584958,129
2023Q3,DHT,Oil & Gas Midstream,Energy,0.29154429392430187,1665880171.0,8.99,0.7029502874147179,0.021134593993325918,112
2023Q4,DHT,Oil & Gas Midstream,Energy,0.28920677405454814,1579405507.0,8.72,0.7316342255766031,0.025229357798165136,128
2023Q2,EGO,Gold,Basic Materials,0.11871063413054096,1906920400.0,10.1,1.7917323659655642,0.00031683168316831684,116
2023Q3,EGO,Gold,Basic Materials,0.12768850358141584,1804025520.0,8.91,1.8909034058453897,-0.004433221099887767,109
2023Q4,EGO,Gold,Basic Materials,0.1316315520512862,2634704412.0,12.97,1.3284780969864696,0.03469545104086353,109
2023Q1,EHC,Medical - Care Facilities,Healthcare,0.4637481948045169,5382950000.0,53.26,0.26133141318810343,0.016522718738265114,64
2023Q2,EHC,Medical - Care Facilities,Healthcare,0.4496408401440052,6737144999.0,66.81,0.22192988592114893,0.013620715461757221,68
2023Q3,EHC,Medical - Care Facilities,Healthcare,0.44030313699847423,6682420000.0,66.41,0.23614534046531407,0.01294985694925463,63
2023Q4,EHC,Medical - Care Facilities,Healthcare,0.42840521761929734,6638640000.0,66.12,0.25042028047071413,0.013309134906231094,71
2023Q1,FLNG,Oil & Gas Midstream,Energy,1.0112486490575634,1802646261.0,26.93,0.6022377196660493,0.011511325659116228,103
2023Q2,FLNG,Oil & Gas Midstream,Energy,1.0014464021105167,1638915734.0,25.09,0.6457314984958352,0.029095257074531686,119
2023Q3,FLNG,Oil & Gas Midstream,Energy,0.9972449094565079,1619268534.0,25.38,0.6420785983152916,0.03309692671394799,114
2023Q4,FLNG,Oil & Gas Midstream,Energy,1.0085531004989308,1561577401.0,25.16,0.6269596066279153,0.014308426073131954,129
2023Q2,BTI,Tobacco,Consumer Defensive,0.2886864012267923,74002800000.0,27.89,1.1629678280098334,0.06346360702760846,17
2023Q4,BTI,Tobacco,Consumer Defensive,0.33466424070891876,65330058436.0,26.37,0.8937192778920781,-0.3120970800151688,20
2023Q2,RQI,Asset Management - Income,Financial Services,0.29378035167911304,1559404715.0,10.08,1.2519176754418326,0.08234126984126984,121
2023Q4,RQI,Asset Management - Income,Financial Services,0.0,1645440837.0,11.12,1.1738020430051632,0.08183453237410072,125
2023Q1,DECK,Apparel - Footwear & Accessories,Consumer Cyclical,0.09642739641569938,11763260700.0,74.93,0.14932388386630924,0.007740557853997063,49
2023Q2,DECK,Apparel - Footwear & Accessories,Consumer Cyclical,0.09150630885472885,13734996840.0,87.94,0.13053455613835346,0.004605504889697521,49
2023Q3,DECK,Apparel - Footwear & Accessories,Consumer Cyclical,0.08813940368603769,13382016480.0,85.68,0.13414495511068147,0.013344493464052289,47
2023Q4,DECK,Apparel - Footwear & Accessories,Consumer Cyclical,0.08185044238032489,17155357440.0,111.41,0.12265497861873756,0.022724327259671485,45
2023Q1,ATO,Regulated Gas,Utilities,0.30995613193986205,16410290360.0,106.68,0.6645906249442957,0.023247094113235844,39
2023Q2,ATO,Regulated Gas,Utilities,0.3077838033332432,17296384140.0,111.17,0.6529971204052754,0.008455518575155167,41
2023Q3,ATO,Regulated Gas,Utilities,0.31857304233856,15748719030.0,101.86,0.7177978722755293,0.007853917141174161,41
2023Q4,ATO,Regulated Gas,Utilities,0.31838703901154874,17361356400.0,112.25,0.6704416596028654,0.018530066815144765,44
2023Q1,LYV,Entertainment,Communication Services,0.45280827761449627,15997532530.0,70.0,-0.0288544556396843,-0.00019857142857142857,41
2023Q2,LYV,Entertainment,Communication Services,0.4296063907365036,20844807531.0,91.11,-0.00899902115620559,0.011414773350894523,36
2023Q3,LYV,Entertainment,Communication Services,0.4477936998019861,18998494319.0,83.04,0.011672030228846185,0.022278420038535644,36
2023Q4,LYV,Entertainment,Communication Services,0.45035780297257344,21837175027.0,93.6,-0.0007852664082529336,-0.009615384615384616,37
2023Q1,NCV,Asset Management - Income,Financial Services,0.0,1214624449.0,10.41,0.4813173422366449,-0.0030259365994236313,120
2023Q3,NCV,Asset Management - Income,Financial Services,0.17538111546593144,1124250606.0,10.24,0.4951189337079535,0.008515625,132
2023Q2,NVG,Asset Management - Income,Financial Services,0.8030445962116401,2498211647.0,10.42,1.3002557144272162,0.1564299424184261,110
2023Q4,NVG,Asset Management - Income,Financial Services,0.31809425660088925,2523834827.0,10.78,1.0935227105649297,-0.14007421150278293,110
2023Q1,NWG,Banks - Diversified,Financial Services,0.0,31617300000.0,5.87,1.3409205150668193,0.044293015332197615,28
2023Q2,NWG,Banks - Diversified,Financial Services,0.06278385598654143,28118918918.0,5.44,1.390620674920447,0.04044117647058823,30
2023Q3,NWG,Banks - Diversified,Financial Services,0.008659384974502922,32063724005.0,5.3,1.2151426950110469,0.03773584905660378,28
2023Q4,NWG,Banks - Diversified,Financial Services,0.33681116486422885,30963767778.0,5.12,1.181403546863653,0.05468750000000001,29
2023Q1,OVV,Oil & Gas Exploration & Production,Energy,0.30933015935991537,8998352000.0,34.1,0.9475873973517007,0.05835777126099707,53
2023Q2,OVV,Oil & Gas Exploration & Production,Energy,0.36318458937445564,10419759000.0,36.27,1.0298772748005744,0.03722084367245657,58
2023Q3,OVV,Oil & Gas Exploration & Production,Energy,0.3557286432160804,13019909000.0,45.6,0.7653404611272425,0.03245614035087719,48
2023Q4,OVV,Oil & Gas Exploration & Production,Energy,0.33436733877020064,11959416000.0,42.41,0.8979720984395635,0.07403914171186042,56
2023Q1,PB,Banks - Regional,Financial Services,0.08895237418512753,5717053600.0,57.37,1.2879232266756035,0.023880076695136834,61
2023Q2,PB,Banks - Regional,Financial Services,0.13124259634682067,5293305600.0,53.16,1.4105044558486663,0.017682468021068473,76
2023Q3,PB,Banks - Regional,Financial Services,0.1158069675030978,5115237600.0,51.88,1.4464000363950953,0.02313030069390902,72
2023Q4,PB,Banks - Regional,Financial Services,0.0964771641919346,6347316950.0,64.94,1.1632438455085032,0.015706806282722512,74
2023Q2,PDI,Asset Management - Income,Financial Services,0.0,4971187500.0,14.5,1.1909530393027752,18284827.586206898,81
2023Q4,PDI,Asset Management - Income,Financial Services,0.39322091100604684,5100984168.0,14.94,1.1557455215990489,19021244.37751004,82
2023Q1,PFS,Banks - Regional,Financial Services,0.10906696472602226,1435110356.0,16.88,1.3016370834040898,0.03199052132701422,111
2023Q2,PFS,Banks - Regional,Financial Services,0.1267206206761517,1224014416.0,14.61,1.5024872609793278,0.02943189596167009,137
2023Q3,PFS,Banks - Regional,Financial Services,0.14431179488635656,1145359879.0,13.85,1.5643223059943714,0.027436823104693142,130
2023Q4,PFS,Banks - Regional,Financial Services,0.10771574597084896,1352172561.0,16.6,1.3579862010780548,0.021686746987951804,136
2023Q1,PMT,REIT - Mortgage,Real Estate,0.0,1076026770.0,9.42,2.355117368912619,0.059447983014862,127
2023Q2,PMT,REIT - Mortgage,Real Estate,0.3811803311218399,1169524800.0,10.64,2.080138181340091,0.015037593984962405,139
2023Q3,PMT,REIT - Mortgage,Real Estate,0.0,1075824000.0,10.08,2.2286873293961813,0.058531746031746025,135
2023Q4,PMT,REIT - Mortgage,Real Estate,0.14772042797074583,1295552050.0,12.88,1.7534010473979578,0.03804347826086956,139
2023Q2,PUK,Insurance - Life,Financial Services,0.02871423563683835,38798461638.0,27.12,0.4618288209751838,0.01991150442477876,28
2023Q4,PUK,Insurance - Life,Financial Services,0.028000873231992462,30781734361.0,21.61,0.6015189303667066,0.02036094400740398,30
2023Q1,SHG,Banks - Regional,Financial Services,0.17203446274076373,14147276018.0,25.24,3975.9173828829876,101.09984152139462,44
2023Q2,SHG,Banks - Regional,Financial Services,0.16844863205477686,13568832717.0,24.71,4137.360016079047,96.24362606232293,50
2023Q3,SHG,Banks - Regional,Financial Services,0.17323558769597455,13689001459.0,25.42,4081.605220957168,86.86978756884342,45
2023Q4,SHG,Banks - Regional,Financial Services,0.1821270598250769,15782540972.0,29.53,3283.590069545902,33.21774466644091,47
2023Q1,SHW,Chemicals - Specialty,Basic Materials,0.58064669540292,57541120000.0,220.35,0.05598629301102144,0.008441116405718176,20
2023Q2,SHW,Chemicals - Specialty,Basic Materials,0.5515300374253759,67734151999.0,260.99,0.05434684997509483,0.011877849726043143,19
2023Q3,SHW,Chemicals - Specialty,Basic Materials,0.5355952096328979,65063255000.0,251.25,0.05897599419601327,0.011900497512437812,20
2023Q4,SHW,Chemicals - Specialty,Basic Materials,0.5144852403025129,79222600000.0,307.96,0.04750335711867683,0.004546044940901416,15
2023Q1,SKM,Telecommunications Services,Communication Services,0.36624562663416427,8162585157.0,18.67,1550.821248608786,39.10337439742902,57
2023Q2,SKM,Telecommunications Services,Communication Services,0.36139459211106284,7846941439.0,18.01,1599.3619367092253,45.4447529150472,66
2023Q3,SKM,Telecommunications Services,Communication Services,0.3493678409179181,8556259949.0,20.07,1443.3316847231736,37.25311410064773,59
2023Q4,SKM,Telecommunications Services,Communication Services,0.35376585195894966,8676884963.0,20.34,1332.6555058733852,21.342182890855458,63
2023Q1,SLGN,Packaging & Containers,Consumer Cyclical,0.5285295801162598,5910623430.0,52.01,0.3107375574941891,0.012497596616035379,59
2023Q2,SLGN,Packaging & Containers,Consumer Cyclical,0.5259945411122484,5083860690.0,45.61,0.3725076797930037,0.015786011839508878,78
2023Q3,SLGN,Packaging & Containers,Consumer Cyclical,0.53895702929995,4674029310.0,42.1,0.3903802370109077,0.024228028503562943,74
2023Q4,SLGN,Packaging & Containers,Consumer Cyclical,0.47128206246659543,4823650000.0,44.39,0.3992748058209956,0.013516557783284523,86
2023Q1,SOJE,Regulated Electric,Utilities,0.4493306420493336,75981360000.0,17.72,1.5788994052358183,0.044582392776523705,14
2023Q2,SOJE,Regulated Electric,Utilities,0.45505265614516177,76713000000.0,18.83,1.4916575723798242,0.04089219330855019,16
2023Q3,SOJE,Regulated Electric,Utilities,0.45044497943190115,70674240000.0,17.69,1.6242801856142726,0.07348784624081402,17
2023Q4,SOJE,Regulated Electric,Utilities,0.4556774874220382,76571040000.0,18.31,1.5726309008668378,0.042599672310213006,16
2023Q1,SREA,Regulated Electric,Utilities,0.36063762430321916,47616458120.0,21.93,2.004510842253407,0.0702234382124943,22
2023Q2,SREA,Regulated Electric,Utilities,0.34667037363859443,45866620800.0,21.68,2.0394322169165875,0.04428044280442804,23
2023Q3,SREA,Regulated Electric,Utilities,0.35754359363153904,42861349080.0,20.81,2.1552813703278035,0.054781355117731856,24
2023Q4,SREA,Regulated Electric,Utilities,0.36264782464069006,47175853320.0,23.16,1.9626501500207507,0.050518134715025906,24
2023Q1,STNG,Oil & Gas Midstream,Energy,0.43739148334437145,3200368320.0,53.51,0.8397304023629389,0.06353952532236964,85
2023Q2,STNG,Oil & Gas Midstream,Energy,0.41938421898550887,2505080664.0,45.13,1.0128259366631682,0.05539552404165743,109
2023Q3,STNG,Oil & Gas Midstream,Energy,0.4097678698019578,2700955095.0,51.97,0.9426610389110314,0.038676159322686164,94
2023Q4,STNG,Oil & Gas Midstream,Energy,0.37560196488147995,3027828934.0,58.76,0.8726927221668268,0.041354663036078966,103
2023Q1,STT,Asset Management,Financial Services,0.056093887544014086,24930999270.0,70.5,1.0291927722972742,0.021843971631205675,29
2023Q2,STT,Asset Management,Financial Services,0.05849722128862952,22916097460.0,68.75,1.0688413847046807,0.032,32
2023Q3,STT,Asset Management,Financial Services,0.06529894696130654,20968323119.0,63.56,1.1867688420461928,0.019981120201384518,33
2023Q4,STT,Asset Management,Financial Services,0.07971190010024962,23718097079.0,74.18,1.0477786150320942,0.007549204637368563,34
2023Q2,SW,Packaging & Containers,Consumer Cyclical,0.2890461637445713,15050370402.0,27.92,0.8008821565340137,0.0651862464183381,45
2023Q4,SW,Packaging & Containers,Consumer Cyclical,0.2827050997782705,21496091472.0,40.27,0.5927046698352015,0.0265706481251552,38
2023Q1,TEL,"Hardware, Equipment & Parts",Technology,0.19553280595625872,41312250000.0,126.07,0.2766194790316411,0.010866978662647736,25
2023Q2,TEL,"Hardware, Equipment & Parts",Technology,0.19381595318188102,43870080000.0,135.38,0.2661292024565773,0.012409513960703205,25
2023Q3,TEL,"Hardware, Equipment & Parts",Technology,0.2122789240972734,38417830000.0,119.86,0.3078938207461421,0.014683797764058069,26
2023Q4,TEL,"Hardware, Equipment & Parts",Technology,0.18196003640934508,43274000000.0,136.94,0.3084412306279137,0.042354315758726446,27
2023Q1,THS,Packaged Foods,Consumer Defensive,0.3739539257169723,2844252000.0,50.43,0.6024481791707184,0.005353955978584177,87
2023Q2,THS,Packaged Foods,Consumer Defensive,0.40347913432563237,2816242000.0,50.38,0.6105724155988952,0.008138150059547438,102
2023Q3,THS,Packaged Foods,Consumer Defensive,0.39865694106750027,2436122000.0,43.58,0.6961063526375116,0.002983019733822855,100
2023Q4,THS,Packaged Foods,Consumer Defensive,0.38995762918229193,2271460000.0,41.45,0.732920676569255,0.0033775633293124246,114
2023Q1,TRNO,REIT - Industrial,Real Estate,0.21544480180775097,5369309168.0,60.85,0.5347699152788159,0.0047658175842235,65
2023Q2,TRNO,REIT - Industrial,Real Estate,0.23648037142483255,5050888921.0,57.0,0.5589854807055646,0.008421052631578947,79
2023Q3,TRNO,REIT - Industrial,Real Estate,0.22958792233648395,4773552258.0,54.3,0.5997591217506704,0.0066298342541436465,73
2023Q4,TRNO,REIT - Industrial,Real Estate,0.24490655693159766,5482816431.0,60.36,0.5519372960889608,0.010768721007289596,78
2023Q1,TRU,Consulting Services,Industrials,0.4926879470038312,12005448000.0,61.39,0.35687066550644103,0.004398110441439974,47
2023Q2,TRU,Consulting Services,Industrials,0.4811594202898551,15149022000.0,77.5,0.2913110265143926,0.003612903225806452,44
2023Q3,TRU,Consulting Services,Industrials,0.4973064644852354,13884186000.0,71.13,0.2863364935752023,-0.02319696330662168,43
2023Q4,TRU,Consulting Services,Industrials,0.4906304310632052,13309126999.0,68.2,0.30341384097608387,0.000439882697947214,54
2023Q1,UBER,Software - Application,Technology,0.3468614218359989,64249972100.0,31.7,0.1178595212116441,-0.0024637223974763407,18
2023Q2,UBER,Software - Application,Technology,0.3282846072560761,88269180960.0,43.169998,0.09901995711027642,0.004401204744091024,14
2023Q3,UBER,Software - Application,Technology,0.30999471473476314,94035201120.0,45.99,0.09951592476585538,0.0023918243096325287,13
2023Q4,UBER,Software - Application,Technology,0.3056926535569395,126888689450.0,61.57,0.08865250361367019,0.011206756537274647,11
2023Q1,UNFI,Food Distribution,Consumer Defensive,0.44191224623444664,1565190000.0,26.35,1.1689819956464622,0.012144212523719165,107
2023Q2,UNFI,Food Distribution,Consumer Defensive,0.43763905248004187,1145630000.0,19.549999,1.5853333799795075,0.0061381077308495,142
2023Q3,UNFI,Food Distribution,Consumer Defensive,0.44157424939139844,830018000.0,14.14,2.1035379988510794,-0.08203677510608202,138
2023Q4,UNFI,Food Distribution,Consumer Defensive,0.4578236493374108,964062000.0,16.23,1.7833507049955861,-0.04066543438077634,145
2023Q1,UPS,Integrated Freight & Logistics,Industrials,0.3656374239842635,166831400000.0,174.15,0.1334822835209533,0.012632787826586276,7
2023Q2,UPS,Integrated Freight & Logistics,Industrials,0.367791092726058,153617250000.0,162.47,0.14327510910779953,0.014956607373668987,8
2023Q3,UPS,Integrated Freight & Logistics,Industrials,0.3665997922624892,133580590000.0,142.56,0.15689109426954623,0.009189113355780022,8
2023Q4,UPS,Integrated Freight & Logistics,Industrials,0.3820370605585898,134588879999.0,145.48,0.1389695471516784,0.012922738520758868,10
2023Q1,VIPS,Specialty Retail,Consumer Cyclical,0.031050033317544377,8799148630.0,14.31,3.89469738010109,0.22431865828092243,55
2023Q2,VIPS,Specialty Retail,Consumer Cyclical,0.021751706700044855,9079411522.0,15.55,3.781312726684596,0.245016077170418,63
2023Q3,VIPS,Specialty Retail,Consumer Cyclical,0.025444838273627604,8682542479.0,15.09,4.128042973308741,0.14777998674618953,58
2023Q4,VIPS,Specialty Retail,Consumer Cyclical,0.03235507564897354,9801894675.0,16.74,4.000607418869177,0.32497013142174436,59
2023Q1,VST,Independent Power Producers,Utilities,0.4131503679660636,8950955424.0,23.25,0.5831090541795158,0.07397849462365591,54
2023Q2,VST,Independent Power Producers,Utilities,0.4024678393279076,9622463550.0,25.64,0.560412203096897,0.046021840873634944,62
2023Q3,VST,Independent Power Producers,Utilities,0.4378462983252465,12162793927.0,32.61,0.4606047807675452,0.03894510886231217,51
2023Q4,VST,Independent Power Producers,Utilities,0.4454286234302008,13538124256.0,38.07,0.3966377021504401,-0.013659049120042028,52
2023Q2,VTMX,Real Estate - Development,Real Estate,0.30484728735373046,2646419110.0,30.91,8.239985296896894,0.45292785506308636,105
2023Q3,VTMX,Real Estate - Development,Real Estate,0.25850963985465236,2699807453.0,31.67,8.53699318002192,0.2936532996526681,95
2023Q4,VTMX,Real Estate - Development,Real Estate,0.24156966117438702,3447372365.0,38.35,7.453001221498426,0.3389830508474576,96
2023Q1,VVV,Oil & Gas Refining & Marketing,Energy,0.42911877394636017,5642810000.0,34.939999,0.2287639179901655,0.20463652560493778,62
2023Q2,VVV,Oil & Gas Refining & Marketing,Energy,0.6151398425724335,5183882000.0,37.509998,0.047112310230960276,0.010130632371667947,77
2023Q3,VVV,Oil & Gas Refining & Marketing,Energy,0.6487767742828472,4455568000.0,32.24,0.045605857659449925,0.010235732009925558,77
2023Q4,VVV,Oil & Gas Refining & Marketing,Energy,0.6771121691949951,4953044000.0,37.58,0.013082863790428674,0.006386375731772219,85
2023Q1,WKC,Oil & Gas Refining & Marketing,Energy,0.09706377407892276,1589210000.0,24.18,1.3353094024186234,0.015301902398676593,106
2023Q2,WKC,Oil & Gas Refining & Marketing,Energy,0.12608626955285196,1288364000.0,19.8,1.5881933297663635,0.02424242424242424,134
2023Q3,WKC,Oil & Gas Refining & Marketing,Energy,0.11697023960658016,1352529000.0,21.61,1.5104947267365165,0.026839426191577972,120
2023Q4,WKC,Oil & Gas Refining & Marketing,Energy,0.14179762179165592,1369078000.0,22.08,1.4641961465190865,-0.026268115942028984,134
2023Q1,WLK,Chemicals - Specialty,Basic Materials,0.26612515620494087,14804770569.0,111.81,0.7216095969399672,0.027457293623110633,42
2023Q2,WLK,Chemicals - Specialty,Basic Materials,0.26419141127686957,15274772814.0,115.53,0.7149769597930877,0.020081364147840387,43
2023Q3,WLK,Chemicals - Specialty,Basic Materials,0.25308468872686485,15939616026.0,121.03,0.694962071404229,0.018259935553168634,39
2023Q4,WLK,Chemicals - Specialty,Basic Materials,0.2622771571190872,17938069972.0,136.39,0.5858521887643868,-0.028447833418872352,43
2023Q1,WPC,REIT - Diversified,Real Estate,0.44710673468346346,16306995143.0,66.92,0.655787998620639,0.020771069934249847,40
2023Q2,WPC,REIT - Diversified,Real Estate,0.4516553895994118,14226523119.0,59.31,0.7236200228670232,0.01129657730568201,47
2023Q3,WPC,REIT - Diversified,Real Estate,0.45903528129725013,11387241215.0,48.42,0.8770387919344768,0.011978521272201567,52
2023Q4,WPC,REIT - Diversified,Real Estate,0.3888604540645565,14211371275.0,60.07,0.6605251687215535,0.010987181621441652,51
2023Q4,WS,Steel,Basic Materials,0.1421945820596606,1385175281.0,27.39,0.7704059831433423,-0.004381161007667032,132
2023Q1,YOU,Software - Application,Technology,0.12017450733499574,2367787460.0,23.86,0.13740456143145907,-0.0038306789606035205,92
2023Q2,YOU,Software - Application,Technology,0.11976734441664356,2087534190.0,21.3,0.13850977264778763,0.0043896713615023475,114
2023Q3,YOU,Software - Application,Technology,0.12116204218999245,1715435951.0,17.55,0.17449111289970193,0.009686609686609686,111
2023Q4,YOU,Software - Application,Technology,0.12189560089913101,1886794010.0,19.66,0.12989151232359072,0.00762970498474059,121
2023Q1,YUM,Restaurants,Consumer Cyclical,2.1819446860323533,37114480000.0,127.1,-0.24566639880610722,0.008418568056648309,27
2023Q2,YUM,Restaurants,Consumer Cyclical,1.9729822161422708,38932550000.0,133.94,-0.22414030396571047,0.011124384052560849,27
2023Q3,YUM,Restaurants,Consumer Cyclical,2.0222368637786197,35108140000.0,121.35,-0.24018053130045003,0.01219612690564483,27
2023Q4,YUM,Restaurants,Consumer Cyclical,1.930829722355962,36715460000.0,127.51,-0.21931152702837348,0.012940161555956394,28
2023Q1,CE,Chemicals,Basic Materials,0.5845534687619778,11856670367.0,104.76,0.497429597198599,0.008018327605956471,48
2023Q2,CE,Chemicals,Basic Materials,0.5792428554719482,12612818578.0,112.16,0.4604467709123396,0.018009985734664766,52
2023Q3,CE,Chemicals,Basic Materials,0.5529407157960686,13671511122.0,122.26,0.48744276442513107,0.07140520202846393,46
2023Q4,CE,Chemicals,Basic Materials,0.5300597811783284,16935330000.0,152.25,0.4272909416851207,0.042036124794745486,46
2023Q1,DEA,REIT - Office,Real Estate,0.4225332229507755,1282750612.0,29.0,1.204171223051893,-0.03534482758620689,119
2023Q2,DEA,REIT - Office,Real Estate,0.4400346443311397,1356288254.0,31.18,1.0791537780082407,0.004249518922386146,131
2023Q3,DEA,REIT - Office,Real Estate,0.43652456804669226,1069129293.0,25.05,1.3559209515949124,0.005568862275449102,136
2023Q4,DEA,REIT - Office,Real Estate,0.4550096674991458,1330327393.0,30.13,1.1083555310742612,0.0035927646863591106,138
2023Q1,LTC,REIT - Healthcare Facilities,Real Estate,0.5008989046371694,1445423850.0,30.7,0.66508993612045,0.03811074918566775,110
2023Q2,LTC,REIT - Healthcare Facilities,Real Estate,0.5130596553086196,1358872060.0,29.35,0.6828934029173014,0.005110732538330494,130
2023Q3,LTC,REIT - Healthcare Facilities,Real Estate,0.5119342264395194,1322245890.0,29.06,0.6901954466026758,0.01858224363386098,122
2023Q4,LTC,REIT - Healthcare Facilities,Real Estate,0.48046895635702264,1339436120.0,29.57,0.7146865801652823,0.022658099425093,137
2023Q1,DRI,Restaurants,Consumer Cyclical,0.45848303789427713,18774360000.0,143.9,0.1169984647493397,0.016400277970813063,34
2023Q2,DRI,Restaurants,Consumer Cyclical,0.46808572962944883,20199972000.0,156.19,0.11648770648590216,0.016646392214610412,38
2023Q3,DRI,Restaurants,Consumer Cyclical,0.4836190679018919,17172078000.0,134.96,0.13164455675498374,0.011929460580912862,37
2023Q4,DRI,Restaurants,Consumer Cyclical,0.4887520866270392,19617420000.0,156.28,0.10885382900561491,0.011325825441515228,42
2023Q1,DY,Engineering & Construction,Industrials,0.3856135123942291,2750424175.0,93.65,0.31428634731020255,0.008969567538707954,88
2023Q2,DY,Engineering & Construction,Industrials,0.3863178813332768,3333151975.0,113.65,0.26886927994103993,0.015398152221733392,95
2023Q3,DY,Engineering & Construction,Industrials,0.3835379931799995,2610797022.0,89.0,0.3693363684111284,0.023033707865168538,96
2023Q4,DY,Engineering & Construction,Industrials,0.39069914963975577,3372140567.0,115.09,0.31217497091334984,0.024763228777478496,97
2023Q1,SPNT,Insurance - Reinsurance,Financial Services,0.06599363100481062,1317286266.0,8.13,1.7097236299878105,0.10086100861008608,117
2023Q2,SPNT,Insurance - Reinsurance,Financial Services,0.06067591976423614,1478558907.0,9.03,1.5410994218501937,0.042081949058693245,127
2023Q3,SPNT,Insurance - Reinsurance,Financial Services,0.06063758815680793,1665220829.0,10.17,1.3511721447324685,0.06391347099311702,113
2023Q4,SPNT,Insurance - Reinsurance,Financial Services,0.34861560944782366,1933031238.0,11.6,1.3004963138002852,0.048275862068965524,120
2023Q1,FCX,Copper,Basic Materials,0.18925926653440453,58664939999.0,39.61,0.28288725048285684,0.018429689472355466,19
2023Q2,FCX,Copper,Basic Materials,0.1865165890741941,57400000000.0,38.87,0.2906731625893127,0.013120658605608439,22
2023Q3,FCX,Copper,Basic Materials,0.18209804832713755,53511150000.0,36.37,0.31536118809870295,0.008523508386032445,21
2023Q4,FCX,Copper,Basic Materials,0.18765474421970824,61045380000.0,41.69,0.27922438748108597,0.006476373230990646,22
2023Q1,FDP,Agricultural Farm Products,Consumer Defensive,0.20989805698353228,1446264928.0,28.07,1.443369120899709,0.028856430352689706,109
2023Q2,FDP,Agricultural Farm Products,Consumer Defensive,0.19635285396590066,1237216054.0,24.15,1.7494978847643194,0.04099378881987578,135
2023Q3,FDP,Agricultural Farm Products,Consumer Defensive,0.19572358597622888,1236933616.0,24.45,1.7255910554160092,0.006952965235173825,125
2023Q4,FDP,Agricultural Farm Products,Consumer Defensive,0.201218554693634,1252370568.0,25.05,1.5814134624891947,-0.08862275449101797,140
2023Q1,FDX,Integrated Freight & Logistics,Industrials,0.46667443893908483,57393772924.0,219.3,0.4493289950094742,0.01399908800729594,21
2023Q2,FDX,Integrated Freight & Logistics,Industrials,0.4591550912639192,62222900000.0,239.27,0.434065189897695,0.025577799139047938,21
2023Q3,FDX,Integrated Freight & Logistics,Industrials,0.43763131451539233,66230000000.0,256.96,0.4113992349406856,0.016695205479452056,18
2023Q4,FDX,Integrated Freight & Logistics,Industrials,0.4564059465537018,62483590000.0,246.53,0.4342838599764734,0.014562122256926133,21
2023Q1,FE,Regulated Electric,Utilities,0.4747520385550464,22954380000.0,36.41,0.4923050034283212,0.014007140895358419,31
2023Q2,FE,Regulated Electric,Utilities,0.5101030489748221,22278240000.0,35.7,0.5137831747009449,0.011484593837535013,33
2023Q3,FE,Regulated Electric,Utilities,0.5151355564449874,19585140000.0,31.71,0.5764500823618053,0.022075055187637967,34
2023Q4,FE,Regulated Electric,Utilities,0.5146923124243853,21055135617.0,34.4,0.5282647820485327,0.00872093023255814,39
2023Q1,FHI,Asset Management,Financial Services,0.2312970771578891,3409090200.0,36.12,0.3609969713130997,0.021594684385382062,83
2023Q2,FHI,Asset Management,Financial Services,0.22289139955810022,3001003500.0,32.49,0.41091033743610916,0.024930747922437674,100
2023Q3,FHI,Asset Management,Financial Services,0.22857321399386638,2835257700.0,30.96,0.4244527912131738,-10.27842377260982,92
2023Q4,FHI,Asset Management,Financial Services,0.21129335292120066,2775199460.0,31.22,0.44092626013492564,0.03074951953875721,106
2023Q1,DAC,Marine Shipping,Industrials,0.14049174422819838,1111462380.0,50.22,2.6325144351339924,0.14297092791716448,125
2023Q2,DAC,Marine Shipping,Industrials,0.11969353972182553,1341209990.0,62.19,2.2336631032483742,0.1177038109020743,133
2023Q3,DAC,Marine Shipping,Industrials,0.11553996846878914,1304070460.0,62.33,2.3563797994058793,0.1084549975934542,123
2023Q4,DAC,Marine Shipping,Industrials,0.11039578972209718,1437208360.0,70.51,2.204399176313712,0.10962983973904411,130
2023Q1,FTV,"Hardware, Equipment & Parts",Technology,0.1957886211783762,24064010000.0,67.61,0.41204834687389474,0.007247448602277769,30
2023Q2,FTV,"Hardware, Equipment & Parts",Technology,0.19987031727767995,26326517000.0,74.23,0.3803277387218884,0.007948268893978176,31
2023Q3,FTV,"Hardware, Equipment & Parts",Technology,0.18494165113250427,26052408000.0,73.69,0.38841067161577,0.008413624643777989,29
2023Q4,FTV,"Hardware, Equipment & Parts",Technology,0.2252923993897752,25866219000.0,73.25,0.40100300298549807,0.010238907849829351,32
2023Q1,GB,Software - Infrastructure,Technology,0.6965054748309853,1371528000.0,6.0,0.0002719594496065702,0.0008333333333333334,116
2023Q2,GB,Software - Infrastructure,Technology,0.6649512774396257,926497280.0,4.88,0.012211584690243237,0.00819672131147541,146
2023Q3,GB,Software - Infrastructure,Technology,0.6300831255989278,1155996480.0,6.08,0.009733593652465101,-0.00044407894736842106,128
2023Q4,GB,Software - Infrastructure,Technology,0.5445759934832314,916877390.0,4.73,0.0699537372167068,0.012684989429175474,146
2023Q1,GSK,Drug Manufacturers - General,Healthcare,0.35676496689193804,71942760000.0,32.54,0.1796465067417595,0.022741241548862937,16
2023Q2,GSK,Drug Manufacturers - General,Healthcare,0.36114427944366895,72224460000.0,32.91,0.19029236064863142,0.024308720753570347,18
2023Q3,GSK,Drug Manufacturers - General,Healthcare,0.2945680391705826,73496875000.0,33.8,0.191640096600734,0.021301775147928994,16
2023Q4,GSK,Drug Manufacturers - General,Healthcare,0.30536395220744006,75162509233.0,34.91,0.18851154661322794,0.004869664852477801,17
2023Q1,GSBD,Asset Management,Financial Services,0.5367363453732843,1494171915.0,10.53,1.435005718661429,0.025641025641025644,108
2023Q2,GSBD,Asset Management,Financial Services,0.5374706455154925,1518157262.0,11.04,1.321378181362373,0.05434782608695653,125
2023Q3,GSBD,Asset Management,Financial Services,0.527841026295333,1594831871.0,11.96,1.2217767632631482,0.056020066889632104,115
2023Q4,GSBD,Asset Management,Financial Services,0.5185602780046321,1605105641.0,12.39,1.1799884727098662,0.03712671509281679,127
2023Q1,HES,Oil & Gas Exploration & Production,Energy,0.4202753213601969,40496040000.0,128.98,0.2059352753522852,0.008761048224530934,26
2023Q2,HES,Oil & Gas Exploration & Production,Energy,0.4167341430499325,41614295000.0,132.92,0.2033755622822908,0.002934095696659645,26
2023Q3,HES,Oil & Gas Exploration & Production,Energy,0.40097409594414035,46833300000.0,149.99,0.18799031772541777,0.01100073338222548,23
2023Q4,HES,Oil & Gas Exploration & Production,Energy,0.41521222976631816,44279936491.0,141.76,0.2063718674166183,0.009452595936794584,26
2023Q1,HIG,Insurance - Diversified,Financial Services,0.05869439319048068,21562086000.0,66.92,0.6824385805277525,0.025403466826060966,32
2023Q2,HIG,Insurance - Diversified,Financial Services,0.05900263887949117,21937292000.0,69.59,0.6572803881409749,0.025147291277482397,34
2023Q3,HIG,Insurance - Diversified,Financial Services,0.05852434376509743,21599186000.0,68.93,0.6515026282527622,0.031045988684172347,31
2023Q4,HIG,Insurance - Diversified,Financial Services,0.06222894316366127,24138114000.0,78.62,0.6491854622101378,0.032180106843042476,33
2023Q1,HLI,Financial - Capital Markets,Financial Services,0.12626894106535472,5582400588.0,84.47,0.30147940149860386,0.011128211199242333,63
2023Q2,HLI,Financial - Capital Markets,Financial Services,0.1585199021287333,6346043513.0,95.51,0.2650179879308907,0.010051303528426342,71
2023Q3,HLI,Financial - Capital Markets,Financial Services,0.14612017099800004,6914740933.0,104.62,0.24374168980316066,0.009940737908621678,62
2023Q4,HLI,Financial - Capital Markets,Financial Services,0.1419804198035221,7723603109.0,117.72,0.2333390442649088,0.009344206591913014,68
2023Q1,HMN,Insurance - Property & Casualty,Financial Services,0.03647309559905961,1386071999.0,30.95,0.8912289211295262,0.005169628432956382,113
2023Q2,HMN,Insurance - Property & Casualty,Financial Services,0.03643239052362875,1227924000.0,27.71,0.9630689642829624,-0.011187297004691447,136
2023Q3,HMN,Insurance - Property & Casualty,Financial Services,0.040715750232991614,1216332000.0,27.77,0.9166440695404399,0.010442924018725243,126
2023Q4,HMN,Insurance - Property & Casualty,Financial Services,0.03886148655862319,1357050000.0,31.22,0.9115191261577217,0.03074951953875721,135
2023Q1,HRB,Personal Products & Services,Consumer Cyclical,0.5912010708358416,5368019389.0,33.31,-0.007174247195150531,0.1269888922245572,66
2023Q2,HRB,Personal Products & Services,Consumer Cyclical,0.6297999712263749,4651938682.0,30.4,0.0069261064438281734,0.06513157894736843,84
2023Q3,HRB,Personal Products & Services,Consumer Cyclical,0.7604637418898533,6285299017.0,41.41,-0.057057915063264374,-0.027046607099734367,66
2023Q4,HRB,Personal Products & Services,Consumer Cyclical,0.8916444398019663,6884985800.0,46.84,-0.11588843157919113,-0.028394534585824083,70
2023Q1,IBM,Information Technology Services,Technology,0.468021580849615,119273015567.0,120.4,0.19771889793811018,0.008471760797342192,11
2023Q2,IBM,Information Technology Services,Technology,0.4624809965737106,122140481684.0,124.58,0.1958626265336208,0.013966928881040296,10
2023Q3,IBM,Information Technology Services,Technology,0.4587963285158636,128064491296.0,132.12,0.1913881296482722,0.0141537995761429,9
2023Q4,IBM,Information Technology Services,Technology,0.4464326646505128,149599185000.0,155.76,0.15815553627339654,0.023048279404211607,8
2023Q1,IBP,Residential Construction,Consumer Cyclical,0.5470241851510736,3212713034.0,110.37,0.16304254970939688,0.015946362236114887,84
2023Q2,IBP,Residential Construction,Consumer Cyclical,0.5169041471943527,3953118612.0,136.04,0.14628150966571254,0.016098206409879447,90
2023Q3,IBP,Residential Construction,Consumer Cyclical,0.49595931201066135,3522438523.0,121.52,0.1832829095203353,0.019832126398946676,84
2023Q4,IBP,Residential Construction,Consumer Cyclical,0.4975521122495331,5153753753.0,178.24,0.1328077207275295,0.012903949730700177,81
2023Q1,IIPR,REIT - Industrial,Real Estate,0.1249886045127787,2126315476.0,63.87,1.0969087337617467,0.022702364177235007,96
2023Q2,IIPR,REIT - Industrial,Real Estate,0.12597490667729436,2043039122.0,62.88,1.1101134735861133,0.02305979643765903,115
2023Q3,IIPR,REIT - Industrial,Real Estate,0.12643763787324389,2117194082.0,66.71,1.0438853462236473,0.021885774246739622,104
2023Q4,IIPR,REIT - Industrial,Real Estate,0.12460049600809672,2822596342.0,90.49,0.7708916601110892,0.016355398386562053,105
2023Q1,KB,Banks - Regional,Financial Services,0.17236006740566656,14135141088.0,33.75,4165.087291954481,111.22548148148148,45
2023Q2,KB,Banks - Regional,Financial Services,0.1698826762877341,13986639539.0,34.01,4259.96683574257,111.03116730373421,48
2023Q3,KB,Banks - Regional,Financial Services,0.1939613271561801,15768387160.0,38.71,3831.15305515306,89.28468096099199,40
2023Q4,KB,Banks - Regional,Financial Services,0.1695997295390787,15665322440.0,38.95,3518.6898013105947,14.470089858793324,48
2023Q1,KO,Beverages - Non-Alcoholic,Consumer Defensive,0.43530039834093054,268279750000.0,58.37,0.09986589764737537,0.01233510364913483,6
2023Q2,KO,Beverages - Non-Alcoholic,Consumer Defensive,0.4227776874949216,260391280000.0,57.1,0.10533391373009525,0.010332749562171627,5
2023Q3,KO,Beverages - Non-Alcoholic,Consumer Defensive,0.4116809116809117,241665660000.0,53.5,0.11379650202737168,0.013271028037383177,5
2023Q4,KO,Beverages - Non-Alcoholic,Consumer Defensive,0.44077459238713246,254400810000.0,56.76,0.10586740753038408,0.008104298801973222,5
2023Q1,LBRT,Oil & Gas Equipment & Services,Energy,0.13553901982958913,2217808110.0,12.43,0.7245094272968807,0.07401448109412712,93
2023Q2,LBRT,Oil & Gas Equipment & Services,Energy,0.15985764413907053,2269971970.0,13.03,0.7420290252356521,0.06753645433614736,112
2023Q3,LBRT,Oil & Gas Equipment & Services,Energy,0.1625600534520639,3144344120.0,18.1,0.5820178942902753,0.04861878453038674,86
2023Q4,LBRT,Oil & Gas Equipment & Services,Energy,0.13360849985676881,3047810240.0,17.79,0.6160606027028449,0.030916245081506467,102
2023Q1,LOB,Banks - Regional,Financial Services,0.002968556381585746,1080260541.0,24.2,0.7699836750400852,0.0004132231404958678,126
2023Q2,LOB,Banks - Regional,Financial Services,0.0026172924494574272,1168400711.0,26.16,0.7179054637721182,0.015290519877675842,140
2023Q3,LOB,Banks - Regional,Financial Services,0.002360357464435284,1285640463.0,28.81,0.6646495058298156,0.03089205137105172,124
2023Q4,LOB,Banks - Regional,Financial Services,0.0020719655362060317,2025507393.0,45.32,0.4474193343324945,0.00794351279788173,119
2023Q1,MSCI,Financial - Data & Stock Exchanges,Financial Services,0.9220317472868523,44546846480.0,545.3,-0.02065152869011591,0.005464881716486339,23
2023Q2,MSCI,Financial - Data & Stock Exchanges,Financial Services,0.978367894032705,37128347640.0,458.55,-0.03270600025236108,0.006760440519027369,29
2023Q3,MSCI,Financial - Data & Stock Exchanges,Financial Services,3.037454188421862,40592837280.0,502.61,-0.026382733116498074,0.006525934621276934,25
2023Q4,MSCI,Financial - Data & Stock Exchanges,Financial Services,0.8427159197559937,44751399750.0,555.65,-0.016828020864462903,0.009178439665256907,25
2023Q1,MTH,Residential Construction,Consumer Cyclical,0.20000115820659203,2146340700.0,56.7,1.956472255221255,0.06313932980599647,95
2023Q2,MTH,Residential Construction,Consumer Cyclical,0.1945547057598694,2603937420.0,69.23,1.6691130951668838,0.07337859309547884,106
2023Q3,MTH,Residential Construction,Consumer Cyclical,0.1711068010165209,2240103600.0,59.68,2.0238538366777097,0.10154155495978552,103
2023Q4,MTH,Residential Construction,Consumer Cyclical,0.16570357244156977,3174446600.0,85.08,1.4873135338585044,0.06417489421720733,101
2023Q1,MBC,"Furnishings, Fixtures & Appliances",Consumer Cyclical,0.4005422431322515,1032335999.0,8.04,1.0152047872959695,0.03358208955223881,128
2023Q2,MBC,"Furnishings, Fixtures & Appliances",Consumer Cyclical,0.36188118811881187,1483988000.0,11.63,0.7417169582372369,0.034393809114359415,126
2023Q3,MBC,"Furnishings, Fixtures & Appliances",Consumer Cyclical,0.3307824916957491,1540620000.0,12.15,0.7459654011378148,0.03868312757201646,117
2023Q4,MBC,"Furnishings, Fixtures & Appliances",Consumer Cyclical,0.3301423353067137,1882980000.0,14.85,0.6339950503988359,0.018855218855218858,122
2023Q1,MWA,Industrial - Machinery,Industrials,0.32015435650937646,2180216000.0,13.49,0.33241845930280817,0.010378057820607859,94
2023Q2,MWA,Industrial - Machinery,Industrials,0.31674814169959153,2536749000.0,15.77,0.28956855825509603,0.010145846544071021,108
2023Q3,MWA,Industrial - Machinery,Industrials,0.3132890365448505,1981884000.0,12.38,0.36770139855730816,0.00888529886914378,107
2023Q4,MWA,Industrial - Machinery,Industrials,0.3129905808477237,2246400000.0,14.13,0.331718293501733,0.006489738145789101,115
2023Q1,MC,Financial - Capital Markets,Financial Services,0.19169022515034964,2633323435.0,34.59,0.17737060183299674,0.0015813819022838969,89
2023Q2,MC,Financial - Capital Markets,Financial Services,0.19757526578552861,3117218445.0,41.5,0.13723500914721962,-0.004096385542168675,98
2023Q3,MC,Financial - Capital Markets,Financial Services,0.18862212654834165,3102780512.0,41.83,0.12764218660258145,-0.003825005976571839,87
2023Q4,MC,Financial - Capital Markets,Financial Services,0.18282038958804298,3866275936.0,52.78,0.09686110141316713,-0.001557408109132247,89
2023Q2,RL,Apparel - Manufacturers,Consumer Cyclical,0.42446424626261137,8125470000.0,119.43,0.30648845066273633,0.004102821736582098,65
2023Q3,RL,Apparel - Manufacturers,Consumer Cyclical,0.4127411461974387,7615503883.0,113.18,0.3191010218990686,0.0197914825940979,61
2023Q4,RL,Apparel - Manufacturers,Consumer Cyclical,0.39347562281390536,9373000000.0,141.31,0.28000631454031777,0.030075720048121153,60
2023Q2,MHK,"Furnishings, Fixtures & Appliances",Consumer Cyclical,0.25280135946479204,6569228800.0,103.16,1.235791857367579,0.012214036448235752,69
2023Q3,MHK,"Furnishings, Fixtures & Appliances",Consumer Cyclical,0.22983218397540967,5464552420.0,85.81,1.3306469480258,-0.1391446218389465,69
2023Q4,MHK,"Furnishings, Fixtures & Appliances",Consumer Cyclical,0.22823273587672566,6591190500.0,103.5,1.1565544949732525,0.021159420289855072,73
2023Q1,UI,Communication Equipment,Technology,0.8367157578150621,16421486980.0,263.81,-0.011562673786673815,0.006178689208142223,38
2023Q2,UI,Communication Equipment,Technology,0.8093535333856182,10623560250.0,171.23,-0.011182490238358423,0.010044968755475092,57
2023Q3,UI,Communication Equipment,Technology,0.7939105346382016,8782949100.0,142.05,-0.007344555617262913,0.010207673354452657,57
2023Q4,UI,Communication Equipment,Technology,0.78560475476679,8436122880.0,137.21,-0.0018955711548557352,0.009911814007725384,66
2023Q1,UAA,Apparel - Manufacturers,Consumer Cyclical,0.3131881831131978,4221835280.0,9.49,0.47408252785131033,0.040042149631190724,74
2023Q2,UAA,Apparel - Manufacturers,Consumer Cyclical,0.3065494045809055,3202250500.0,7.22,0.6243540113302969,0.002770083102493075,97
2023Q3,UAA,Apparel - Manufacturers,Consumer Cyclical,0.3100639558854605,3038146250.0,6.85,0.6878345635928489,0.03649635036496351,89
2023Q4,UAA,Apparel - Manufacturers,Consumer Cyclical,0.13401569945600222,3898584749.0,8.79,0.5653032307789059,0.029579067121729242,88
2023Q1,FLS,Industrial - Machinery,Industrials,0.3013229352044168,4459813966.0,32.79,0.43005689911990247,0.006099420555047271,72
2023Q2,FLS,Industrial - Machinery,Industrials,0.30295862919117117,4873448450.0,36.03,0.39873374476517487,0.010824313072439634,82
2023Q3,FLS,Industrial - Machinery,Industrials,0.30352353463990367,5217147910.0,38.76,0.3685810950154342,0.009029927760577915,71
2023Q4,FLS,Industrial - Machinery,Industrials,0.2786900199443344,5407404480.0,40.37,0.3655848301370634,0.01189001733960862,79
2023Q1,SLVM,"Paper, Lumber & Forest Products",Basic Materials,0.3999285203716941,1961424000.0,43.47,0.427610657789686,0.05244996549344375,101
2023Q2,SLVM,"Paper, Lumber & Forest Products",Basic Materials,0.38257173219978746,1690810000.0,38.22,0.5319253971545077,0.030350601779173206,118
2023Q3,SLVM,"Paper, Lumber & Forest Products",Basic Materials,0.3741472172351885,1836692000.0,41.78,0.4786979415988511,0.03326950694112015,108
2023Q4,SLVM,"Paper, Lumber & Forest Products",Basic Materials,0.35480501392757663,2039313523.0,47.34,0.4583344191217222,0.024926066751161807,118
2023Q1,GMS,Construction,Industrials,0.4008759046432348,2387325710.0,57.889999,0.5113092530004071,0.026947659819444806,91
2023Q2,GMS,Construction,Industrials,0.39428859678335654,2819830800.0,69.199997,0.44669717328861147,0.02644508785166566,101
2023Q3,GMS,Construction,Industrials,0.3739940243661153,2588610020.0,63.97,0.5197372033435527,0.033296857902141624,97
2023Q4,GMS,Construction,Industrials,0.38239662756354925,3285989520.0,82.43,0.41248347927045403,0.02426301103967002,99
2023Q1,TGLS,Construction Materials,Basic Materials,0.20779857881499578,2000402760.0,41.28,0.20260926622962208,0.02446705426356589,99
2023Q2,TGLS,Construction Materials,Basic Materials,0.1905754561980396,2458981852.0,50.91,0.1960779767556224,0.021606757022196034,111
2023Q3,TGLS,Construction Materials,Basic Materials,0.18123093830399892,1568874213.0,32.57,0.33378668957156843,0.02947497697267424,116
2023Q4,TGLS,Construction Materials,Basic Materials,0.17692946109812124,2152625418.0,45.26,0.2571133434763275,0.017012814847547506,116
2023Q1,TGNA,Broadcasting,Communication Services,0.42559103667520415,3683505300.0,15.92,0.8815367206740558,0.028894472361809045,79
2023Q2,TGNA,Broadcasting,Communication Services,0.4420430530212966,3260650959.0,15.37,0.8674185019679085,0.059856864020819786,96
2023Q3,TGNA,Broadcasting,Communication Services,0.4370711026429424,2925350030.0,13.89,1.061574311325924,0.0345572354211663,90
2023Q4,TGNA,Broadcasting,Communication Services,0.45120289734783586,2871886500.0,14.7,0.9802876745914263,0.027891156462585033,104
2023Q2,PSO,Publishing,Communication Services,0.2016855565242662,7482720000.0,10.03,0.5829849387411994,0.025922233300099705,67
2023Q4,PSO,Publishing,Communication Services,0.17333135127099747,8479783643.0,11.86,0.4856353421277944,0.02360876897133221,64
2023Q1,GEF,Packaging & Containers,Consumer Cyclical,0.4406740941201279,3678628500.0,59.32,0.5342037163049872,0.02596089008766015,80
2023Q2,GEF,Packaging & Containers,Consumer Cyclical,0.4394316163410302,3960029221.0,64.95,0.49857473349605036,0.029407236335642798,89
2023Q3,GEF,Packaging & Containers,Consumer Cyclical,0.4215033625606538,3838234500.0,63.47,0.5340047576234345,0.024736095793288167,82
2023Q4,GEF,Packaging & Containers,Consumer Cyclical,0.42618440477788216,3773255682.0,62.81,0.5398185833773621,0.018786817385766597,92
2023Q1,BLDR,Construction,Industrials,0.36313758743508107,11273018060.0,88.78,0.3826992806693328,0.02748366749267853,51
2023Q2,BLDR,Construction,Industrials,0.39907614865101565,16942472000.0,136.0,0.25143854213523614,0.023455882352941177,42
2023Q3,BLDR,Construction,Industrials,0.37371917796034687,15508590730.0,124.49,0.2953643615818083,0.029078640854687126,42
2023Q4,BLDR,Construction,Industrials,0.35457557213547597,20466844000.0,166.94,0.23122035815585443,0.017131903677968133,40
2023Q1,NEE,Regulated Electric,Utilities,0.42720296086648885,155855760000.0,72.72,0.294954241661478,0.014301430143014302,8
2023Q2,NEE,Regulated Electric,Utilities,0.4288991234586243,150722460000.0,70.45,0.3144473951894666,0.019588360539389636,9
2023Q3,NEE,Regulated Electric,Utilities,0.4271002015447884,116373177000.0,54.77,0.42330947726686086,0.010954902318787657,10
2023Q4,NEE,Regulated Electric,Utilities,0.41248190028677834,124638480000.0,58.54,0.3951580732189583,0.010078578749572941,12
2023Q1,TDS,Telecommunications Services,Communication Services,0.35112456152417637,1187630000.0,9.87,5.214693672611203,0.011144883485309018,121
2023Q2,TDS,Telecommunications Services,Communication Services,0.3558239622379564,929990000.0,7.92,6.4271028872798786,-0.002234848484848485,145
2023Q3,TDS,Telecommunications Services,Communication Services,0.3506313306507562,2069029999.0,17.81,2.8451749787580805,-0.008422234699606963,105
2023Q4,TDS,Telecommunications Services,Communication Services,0.3799741416463152,2073550000.0,18.03,2.553266679428092,-0.24847476428175264,117
2023Q1,SHCO,Travel Lodging,Consumer Cyclical,0.8605147866846902,1284617524.0,6.54,-0.01742486172427935,0.010504587155963302,118
2023Q2,SHCO,Travel Lodging,Consumer Cyclical,0.8702971657321115,1064621863.0,5.42,-0.037515339028778655,-0.015055350553505537,144
2023Q3,SHCO,Travel Lodging,Consumer Cyclical,0.8848264842040685,1361223157.0,6.93,-0.03904309288083348,-0.001948051948051948,119
2023Q4,SHCO,Travel Lodging,Consumer Cyclical,0.9308393641426715,1398543849.0,7.12,-0.11399053473664128,-0.04073033707865168,131
2023Q1,BKH,Diversified Utilities,Utilities,0.4735036578755316,4201892036.0,56.99,0.8236285472730464,0.030356202842603965,75
2023Q2,BKH,Diversified Utilities,Utilities,0.47621423739477603,4056401900.0,54.96,0.849767719632316,0.006368267831149927,88
2023Q3,BKH,Diversified Utilities,Utilities,0.495776270602183,3405465850.0,46.66,1.008404899726924,0.014359194170595802,85
2023Q4,BKH,Diversified Utilities,Utilities,0.4574861752110099,3663205000.0,50.36,0.9402990661639729,0.023232724384432087,94
2023Q2,DAR,Packaged Foods,Consumer Defensive,0.4523241223842966,10194279900.0,63.79,0.39474083172714164,0.018184668443329676,59
2023Q3,DAR,Packaged Foods,Consumer Defensive,0.4272969473569603,8337749400.0,52.2,0.5254072519857697,0.014942528735632184,60
2023Q4,DAR,Packaged Foods,Consumer Defensive,0.4192447141708715,8128090860.0,49.84,0.5666067320233373,0.010634028892455858,67
